<?xml version="1.0" encoding="UTF-8" standalone="yes"?>
<addon id="script.xbmc.subtitles.hebrew"
       name="XBMC Subtitles Hebrew"
       version="3.9.6"
       provider-name="amet, mr_blobby, rabak, TheWiz">
  <requires>
    <import addon="xbmc.python" version="2.1.0"/>
    <import addon="script.module.beautifulsoup" version="3.0.8"/>
    <import addon="script.module.mechanize" version="0.2.5"/>
  </requires>
  <extension point="xbmc.python.subtitles"
             library="default.py" />
  <extension point="xbmc.addon.metadata">
    <summary lang="en">XBMC Subtitles Hebrew</summary>
    <summary lang="he">XBMC כתוביות בעברית</summary>
    <description lang="en">Search and download subtitles from multipe providers.Subtitle button on OSD needs to be activated.</description>
    <description lang="he">להפעלה כנס ל-הגדרות-> מראה-> מעטפה-> הגדרות-> תוסף</description>
    <platform>all</platform>
  </extension>
</addon>
