<?xml version="1.0" encoding="UTF-8" standalone="yes"?>
<addon id="plugin.video.mtvs"
       name="Missing Episodes Scanner"
       version="1.0.0"
       provider-name="null_pointer">
  <requires>
    <import addon="xbmc.python" version="2.0"/>
  </requires>
  <extension point="xbmc.python.pluginsource"
            library="default.py">
        <provides>video</provides>
  </extension>
  <extension point="xbmc.addon.metadata">
    <platform>all</platform>
    <summary lang="en">Scans your source folders for movies files that are missing from your library.</summary>
<description lang="en">
Scans your source folders for TV files that are missing from your library.
The scanner looks for files with the following extensions:
mpg, mpeg, avi, flv, wmv, mkv, 264, 3g2, 3gp, ifo, mp4, mov, iso, ogm
Custom extensions can be added via the settings.
</description>
  </extension>
</addon>
